plan	9a0d8b8e197f63bed4b52abe3c972c2ec4295291e3ecc3cd02a1ad677f0aa8c0
unit:W01	d74e50bd18cc75c9882886f31e49fa50bce4c34d8153fdd6504c249e176b459c
unit:W02	bc4285bb060d88924273981d05466bb77b0e86b6424533100be7b641d6b2adea
unit:W05	a27e31b3cfd91e9c36a05d293da42b9f43bc8ac60919f2039a2a66000c8550ee
unit:W06	ff51d39c74b74e146e26635c4d1605a8c2913e3bc428ac4b3598fd4cb58476f6
unit:W08	c2606896cf39d98f585c39e40ab3047ebf7608ee0d935dea3126e068390055bb
unit:W09	168a134ebe8d53f240b86f9c38f790e400faf70fb637125e493ac3ca188847ce
unit:W10	8c0093674d59fcbb3b4f93eb4b27ce712eafb7b12a26f45d810473c203c85eb5
unit:W11	a603acec4a5db3631f58c4136b1205bf3bdf2c82c401582a1a7e8eecf1536766
unit:W14	ff3e7bde0e8c24ce30f6c0e32315627c28e2789381ad53d63c0ccc6cac1728bc
unit:W15	38d290ad4cd2ef78987458ba9c148c8e000d03db2d5b40291eab1773c4eed97f
unit:W16	acdac82abcc0815eb127edabfeb5c7345964ccca0d1d9fb76a6fe363aaf10cee
